<?xml version="1.0" encoding="UTF-8"?>
<omexManifest xmlns="http://identifiers.org/combine.specifications/omex-manifest">
  <content location="BIOMD0000000001-biopax2.owl" format="http://purl.org/NET/mediatypes/application/rdf+xml" master="false"/>
  <content location="BIOMD0000000001-biopax3.owl" format="http://purl.org/NET/mediatypes/application/rdf+xml" master="false"/>
  <content location="BIOMD0000000001-matlab.m" format="http://purl.org/NET/mediatypes/text/x-matlab" master="false"/>
  <content location="BIOMD0000000001-octave.m" format="http://purl.org/NET/mediatypes/text/x-matlab" master="false"/>
  <content location="BIOMD0000000001.m" format="http://purl.org/NET/mediatypes/text/x-matlab" master="false"/>
  <content location="BIOMD0000000001.ode" format="http://purl.org/NET/mediatypes/text/x-ode" master="false"/>
  <content location="BIOMD0000000001.pdf" format="http://purl.org/NET/mediatypes/application/PDF" master="false"/>
  <content location="BIOMD0000000001.png" format="http://purl.org/NET/mediatypes/image/png" master="false"/>
  <content location="BIOMD0000000001.svg" format="http://purl.org/NET/mediatypes/image/svg+xml" master="false"/>
  <content location="BIOMD0000000001.vcml" format="http://purl.org/NET/mediatypes/application/vcml+xml" master="false"/>
  <content location="BIOMD0000000001_url.sedml" format="http://identifiers.org/combine.specifications/sed-ml" master="true"/>
  <content location="BIOMD0000000001_url.xml" format="http://identifiers.org/combine.specifications/sbml" master="false"/>
  <content location="curation_image.png" format="http://purl.org/NET/mediatypes/image/png" master="false"/>
  <content location="curation_notes.txt" format="http://purl.org/NET/mediatypes/text/plain" master="false"/>
  <content location="metadata.rdf" format="http://identifiers.org/combine.specifications/omex-metadata" master="false"/>
</omexManifest>
